First Name,Last Name,Email Address
Julian,Vance,j.vance82@example.com
Marcus,Thornton,mthornton_dev@provider.net
Elias,Sterling,elias.sterling@webmail.com
Caleb,Rivers,rivers.caleb@domain.org
Dominic,Hale,dhale_95@fastmail.com
Silas,Brooks,s.brooks.alpha@example.com
Xavier,Quinn,quinn.xavier@hub.net
Adrian,Knight,aknight_pro@service.com
Gideon,Hayes,gideon_hayes@mailbox.org
Felix,Archer,f.archer.88@webmail.com
Tristan,Rhodes,tristan_rhodes@provider.net
Jasper,Voss,voss.jasper.design@example.com
Hugo,Bennett,hbennett_91@domain.com
Cassian,Drake,c.drake@service.org
Leo,Maxwell,maxwell.leo@fastmail.net
Oscar,Wilder,owilder_work@mailbox.com
Tobias,Grant,t.grant.77@example.com
Roman,Pierce,roman_p_84@hub.net
Sebastian,Cole,scole_tech@domain.org
Arthur,Reed,arthur.reed.office@webmail.com
Milo,Sawyer,msawyer_creative@provider.net
Desmond,Vale,d.vale.prime@example.com
Killian,Frost,frost_killian@service.com
Victor,Nash,vnash_99@mailbox.org
Ezra,Finch,ezra.finch@fastmail.com